runid,dim,c0,c1,c2,c3,c4,c5,c6
19AQ11,x,7.633405e-06,2.108260e-09,5.560900e-06,1.122380e-09,-3.679176e-07,-1.353460e-09,3.258390e-10
19AQ11,y,8.685859e-07,9.013686e-10,8.482071e-06,6.882514e-10,6.591020e-06,-2.369187e-09,-4.131284e-09
