runid,dim,c0,c1,c2,c3,c4,c5,c6
19AQ11,x,7.564053e-06,2.101380e-09,5.913398e-06,1.376180e-09,-5.269111e-07,-1.395444e-09,5.317701e-10
19AQ11,y,8.245254e-07,8.124631e-10,8.784229e-06,6.834683e-10,6.298688e-06,-2.687836e-09,-4.022532e-09
