runid,dim,c0,c1,c2,c3,c4,c5,c6
18BQ18,x,7.348322e-06,2.258747e-09,7.842174e-06,2.608709e-09,-1.116246e-06,-1.446238e-09,1.322439e-09
18BQ18,y,-4.697082e-06,-2.401420e-09,4.944885e-06,-2.033705e-09,6.276171e-06,-3.921390e-09,-4.640070e-09
