runid,dim,c0,c1,c2,c3,c4,c5,c6
12BQ06,x,5.499742e-06,1.158714e-09,2.835898e-06,5.554424e-11,2.228629e-06,-1.298380e-09,-1.142549e-09
12BQ06,y,-3.159488e-07,1.859295e-10,3.163450e-06,-7.339188e-11,1.160555e-06,-6.687943e-10,-1.428413e-09
