runid,dim,c0,c1,c2,c3,c4,c5,c6
12BQ06,x,5.600837e-06,1.170693e-09,2.996924e-06,3.196946e-11,2.211906e-06,-1.353843e-09,-1.162153e-09
12BQ06,y,-4.098128e-07,1.539214e-10,3.157382e-06,-9.045434e-11,1.270838e-06,-6.611114e-10,-1.469073e-09
