runid,dim,c0,c1,c2,c3,c4,c5,c6
14AQ08,x,2.418273e-06,1.709576e-11,2.385942e-07,-1.965597e-10,1.574344e-06,-7.416864e-10,-5.974112e-10
14AQ08,y,-1.579890e-06,-5.901162e-10,-2.245961e-07,-7.089635e-10,-2.338106e-06,-2.266891e-10,-7.944332e-11
