runid,dim,c0,c1,c2,c3,c4,c5,c6
14AQ08,x,2.357459e-06,-2.249923e-11,1.485464e-07,-2.555676e-10,1.554961e-06,-7.522586e-10,-5.980502e-10
14AQ08,y,-1.480720e-06,-5.557609e-10,-7.370861e-08,-6.965179e-10,-2.229330e-06,-2.712514e-10,-1.288421e-10
