runid,dim,c0,c1,c2,c3,c4,c5,c6
18AQ11,x,7.179349e-06,2.153051e-09,7.733961e-06,2.501565e-09,-8.787775e-07,-1.502105e-09,1.178311e-09
18AQ11,y,-4.685222e-06,-2.353803e-09,4.207757e-06,-2.073858e-09,5.666263e-06,-3.617468e-09,-4.321737e-09
