runid,dim,c0,c1,c2,c3,c4,c5,c6
16BQ11,x,2.203245e-06,-8.339643e-11,-1.837440e-07,-3.016735e-10,1.322749e-06,-7.018131e-10,-5.081903e-10
16BQ11,y,-1.314144e-06,-4.774381e-10,8.312016e-08,-6.518918e-10,-2.193998e-06,-2.770877e-10,-1.527189e-10
