runid,dim,c0,c1,c2,c3,c4,c5,c6
16BQ11,x,2.301249e-06,-4.697975e-11,3.078115e-08,-2.615442e-10,1.422395e-06,-7.337537e-10,-5.485978e-10
16BQ11,y,-1.298506e-06,-4.824901e-10,8.063956e-08,-6.768978e-10,-2.188407e-06,-2.975363e-10,-1.586881e-10
