runid,dim,c0,c1,c2,c3,c4,c5,c6
12BQ03,x,2.220567e-06,-6.874062e-11,-6.402877e-08,-2.496481e-10,1.289488e-06,-7.123344e-10,-4.990099e-10
12BQ03,y,-1.434560e-06,-5.250873e-10,-1.822957e-08,-6.531375e-10,-2.289554e-06,-2.428963e-10,-1.070339e-10
