runid,dim,c0,c1,c2,c3,c4,c5,c6
12BQ03,x,2.317011e-06,-3.901995e-11,2.247254e-08,-2.541451e-10,1.388880e-06,-7.197988e-10,-5.309815e-10
12BQ03,y,-1.355956e-06,-5.072660e-10,-2.106847e-08,-6.772542e-10,-2.254974e-06,-2.498267e-10,-1.220303e-10
