runid,dim,c0,c1,c2,c3,c4,c5,c6
17AQ15,x,1.955575e-06,-1.830715e-10,-2.557425e-07,-2.715879e-10,1.028501e-06,-6.875908e-10,-4.340835e-10
17AQ15,y,-1.423949e-06,-4.584212e-10,2.805110e-07,-5.465437e-10,-1.875468e-06,-2.303328e-10,-2.458516e-10
