runid,dim,c0,c1,c2,c3,c4,c5,c6
17AQ15,x,2.242679e-06,-6.766519e-11,1.207265e-07,-2.358798e-10,1.537286e-06,-7.271371e-10,-5.824732e-10
17AQ15,y,-1.669570e-06,-6.431799e-10,-1.726623e-07,-7.193277e-10,-2.373538e-06,-2.342956e-10,-4.888399e-11
