runid,dim,c0,c1,c2,c3,c4,c5,c6
11BQ02,x,2.278871e-06,-5.109873e-11,-8.405460e-08,-2.786985e-10,1.353884e-06,-7.136623e-10,-5.149550e-10
11BQ02,y,-1.317732e-06,-4.856335e-10,7.438019e-08,-6.615070e-10,-2.205450e-06,-2.901035e-10,-1.496199e-10
