runid,dim,c0,c1,c2,c3,c4,c5,c6
11BQ02,x,2.313071e-06,-4.987170e-11,2.992781e-08,-2.736124e-10,1.418225e-06,-7.391036e-10,-5.479972e-10
11BQ02,y,-1.308107e-06,-4.933491e-10,6.713768e-08,-6.874063e-10,-2.184711e-06,-2.999061e-10,-1.569093e-10
