runid,dim,c0,c1,c2,c3,c4,c5,c6
12BQ01,x,2.191740e-06,-8.024857e-11,-1.184434e-07,-2.396694e-10,1.270237e-06,-6.879496e-10,-4.738144e-10
12BQ01,y,-1.318172e-06,-5.035871e-10,-1.139761e-07,-7.074661e-10,-2.443809e-06,-2.595179e-10,-5.314019e-11
