runid,dim,c0,c1,c2,c3,c4,c5,c6
12BQ01,x,2.235036e-06,-8.919345e-11,-1.660039e-07,-3.155228e-10,1.253051e-06,-7.199471e-10,-4.924767e-10
12BQ01,y,-1.187662e-06,-4.460742e-10,2.193417e-07,-6.684672e-10,-2.137398e-06,-3.447573e-10,-1.903420e-10
