runid,dim,c0,c1,c2,c3,c4,c5,c6
15AQ07,x,3.686872e-06,4.785008e-10,1.227863e-06,-1.347433e-10,1.822427e-06,-9.666301e-10,-8.304041e-10
15AQ07,y,-1.041695e-06,-2.506040e-10,1.310237e-06,-4.113519e-10,-7.781829e-07,-4.163523e-10,-6.736852e-10
