runid,dim,c0,c1,c2,c3,c4,c5,c6
15AQ07,x,3.845270e-06,5.257992e-10,1.452975e-06,-1.360937e-10,1.852649e-06,-1.038943e-09,-8.629628e-10
15AQ07,y,-9.906760e-07,-2.289113e-10,1.412276e-06,-4.148930e-10,-6.280674e-07,-4.543369e-10,-7.400977e-10
