runid,dim,c0,c1,c2,c3,c4,c5,c6
17BQ03,x,2.275369e-06,-6.714957e-11,-4.517607e-08,-2.890871e-10,1.362515e-06,-7.316231e-10,-5.285325e-10
17BQ03,y,-1.334925e-06,-5.052823e-10,1.822914e-08,-6.952860e-10,-2.246297e-06,-2.904698e-10,-1.335180e-10
