runid,dim,c0,c1,c2,c3,c4,c5,c6
17BQ03,x,2.117802e-06,-1.270940e-10,-3.910327e-07,-3.432370e-10,1.263855e-06,-6.504616e-10,-4.775097e-10
17BQ03,y,-1.291293e-06,-4.765101e-10,1.022951e-07,-6.487399e-10,-2.194986e-06,-2.821138e-10,-1.522597e-10
