runid,dim,c0,c1,c2,c3,c4,c5,c6
13BQ06,x,6.266373e-06,1.422139e-09,3.583140e-06,7.634706e-11,2.392900e-06,-1.480668e-09,-1.303108e-09
13BQ06,y,-1.682357e-07,3.122177e-10,3.925553e-06,3.904812e-11,2.082764e-06,-7.695356e-10,-1.777412e-09
