runid,dim,c0,c1,c2,c3,c4,c5,c6
13BQ06,x,6.020507e-06,1.351682e-09,3.264274e-06,9.089942e-11,2.361607e-06,-1.371827e-09,-1.236311e-09
13BQ06,y,-1.269312e-08,3.672878e-10,3.895957e-06,6.939033e-11,1.882270e-06,-7.634618e-10,-1.704233e-09
