runid,dim,c0,c1,c2,c3,c4,c5,c6
19BQ08,x,7.547690e-06,2.061696e-09,5.823877e-06,1.204375e-09,-1.357719e-07,-1.516634e-09,2.140597e-10
19BQ08,y,8.617306e-07,8.344692e-10,8.532866e-06,6.378973e-10,6.178080e-06,-2.490568e-09,-3.924955e-09
