runid,dim,c0,c1,c2,c3,c4,c5,c6
19BQ08,x,7.457342e-06,1.994974e-09,4.892340e-06,7.569522e-10,9.890823e-08,-1.293109e-09,-8.824306e-11
19BQ08,y,6.590101e-07,8.210764e-10,7.443716e-06,4.384356e-10,6.412264e-06,-1.851850e-09,-4.004528e-09
