runid,dim,c0,c1,c2,c3,c4,c5,c6
15BQ04,x,2.710554e-06,1.059454e-10,4.368601e-07,-2.280866e-10,1.538564e-06,-8.272671e-10,-6.363914e-10
15BQ04,y,-1.305162e-06,-4.506935e-10,3.740186e-07,-6.215993e-10,-1.791869e-06,-3.318192e-10,-3.014679e-10
