runid,dim,c0,c1,c2,c3,c4,c5,c6
15BQ04,x,2.640475e-06,9.096777e-11,2.934404e-07,-2.209393e-10,1.477855e-06,-7.826770e-10,-6.035137e-10
15BQ04,y,-1.334211e-06,-4.631094e-10,3.537749e-07,-6.294258e-10,-1.817528e-06,-3.404813e-10,-2.996093e-10
