runid,dim,c0,c1,c2,c3,c4,c5,c6
17BQ07,x,6.826789e-06,1.628500e-09,4.188158e-06,2.143485e-10,2.330029e-06,-1.638953e-09,-1.311270e-09
17BQ07,y,1.646356e-07,5.006809e-10,4.767674e-06,2.042475e-10,2.917755e-06,-8.898444e-10,-2.120082e-09
