runid,dim,c0,c1,c2,c3,c4,c5,c6
17BQ07,x,6.922190e-06,1.642417e-09,3.736432e-06,1.006395e-11,2.158244e-06,-1.487442e-09,-1.293222e-09
17BQ07,y,-2.569065e-08,4.529635e-10,4.391940e-06,8.729932e-11,3.031973e-06,-7.271488e-10,-2.144327e-09
