runid,dim,c0,c1,c2,c3,c4,c5,c6
11AQ15,x,2.318003e-06,-4.211571e-11,7.638241e-08,-2.694937e-10,1.481197e-06,-7.501572e-10,-5.728581e-10
11AQ15,y,-1.401761e-06,-5.291239e-10,-2.978917e-08,-6.972613e-10,-2.230102e-06,-2.789424e-10,-1.334536e-10
