runid,dim,c0,c1,c2,c3,c4,c5,c6
11AQ15,x,2.257001e-06,-5.841524e-11,-8.886682e-08,-3.008607e-10,1.406432e-06,-7.305973e-10,-5.420993e-10
11AQ15,y,-1.405890e-06,-5.222505e-10,-1.374023e-09,-6.677649e-10,-2.252964e-06,-2.676032e-10,-1.201626e-10
