runid,dim,c0,c1,c2,c3,c4,c5,c6
16AQ19,x,2.268138e-06,-5.986488e-11,-2.343645e-07,-3.157611e-10,1.331813e-06,-6.700230e-10,-5.105014e-10
16AQ19,y,-1.266393e-06,-4.504083e-10,2.807500e-07,-6.045358e-10,-2.035829e-06,-3.106613e-10,-2.102137e-10
