runid,dim,c0,c1,c2,c3,c4,c5,c6
16AQ19,x,2.424465e-06,-5.508514e-12,1.279697e-07,-2.709735e-10,1.489170e-06,-7.565078e-10,-5.824237e-10
16AQ19,y,-1.335734e-06,-4.910194e-10,1.096743e-07,-6.662243e-10,-2.135285e-06,-2.999584e-10,-1.693933e-10
