runid,dim,c0,c1,c2,c3,c4,c5,c6
14AQ12,x,6.529190e-06,1.539953e-09,3.833750e-06,1.484450e-10,2.395550e-06,-1.537887e-09,-1.302489e-09
14AQ12,y,1.724054e-08,4.285201e-10,4.222119e-06,1.222543e-10,2.381600e-06,-7.968260e-10,-1.902423e-09
