runid,dim,c0,c1,c2,c3,c4,c5,c6
14AQ12,x,6.798487e-06,1.633734e-09,3.803893e-06,5.535672e-11,2.340914e-06,-1.504316e-09,-1.349180e-09
14AQ12,y,-1.600972e-07,3.826109e-10,4.109371e-06,6.705154e-11,2.624251e-06,-7.172156e-10,-1.980008e-09
