runid,dim,c0,c1,c2,c3,c4,c5,c6
12AQ05,x,2.311027e-06,-2.749734e-11,1.783905e-08,-2.566497e-10,1.472620e-06,-7.205647e-10,-5.642984e-10
12AQ05,y,-1.404446e-06,-5.207346e-10,-1.111565e-08,-6.658682e-10,-2.303034e-06,-2.717687e-10,-9.825412e-11
