runid,dim,c0,c1,c2,c3,c4,c5,c6
12AQ05,x,2.342918e-06,-2.723326e-11,1.082395e-07,-2.616993e-10,1.509863e-06,-7.451791e-10,-5.829766e-10
12AQ05,y,-1.399929e-06,-5.269533e-10,-2.275829e-08,-6.919823e-10,-2.255729e-06,-2.855514e-10,-1.225610e-10
