runid,dim,c0,c1,c2,c3,c4,c5,c6
18BQ07,x,7.146453e-06,2.190681e-09,7.670527e-06,2.761078e-09,-1.077687e-06,-1.255401e-09,1.331996e-09
18BQ07,y,-5.037515e-06,-2.602315e-09,4.024758e-06,-2.260381e-09,5.609031e-06,-3.669481e-09,-4.298156e-09
