runid,dim,c0,c1,c2,c3,c4,c5,c6
17AQ07,x,2.030237e-06,-2.115546e-10,9.839155e-07,-1.240462e-11,2.293017e-06,-7.151769e-10,-5.745772e-10
17AQ07,y,-8.993966e-07,-1.775361e-10,-1.001567e-06,-7.178491e-10,-1.784689e-06,3.184832e-10,-2.904821e-10
