runid,dim,c0,c1,c2,c3,c4,c5,c6
17AQ07,x,2.049793e-06,-2.048484e-10,1.073169e-06,1.281280e-11,2.277567e-06,-7.609097e-10,-5.676009e-10
17AQ07,y,-9.454762e-07,-2.110540e-10,-9.893802e-07,-6.967600e-10,-1.827202e-06,3.101575e-10,-2.675935e-10
