runid,dim,c0,c1,c2,c3,c4,c5,c6
16AQ10,x,3.066229e-06,2.451352e-10,7.908194e-07,-1.789459e-10,1.687766e-06,-8.893871e-10,-7.204729e-10
16AQ10,y,-1.233083e-06,-4.004626e-10,6.246160e-07,-5.715846e-10,-1.508914e-06,-3.589462e-10,-4.067536e-10
