runid,dim,c0,c1,c2,c3,c4,c5,c6
16AQ10,x,2.992172e-06,2.284128e-10,6.602737e-07,-1.725363e-10,1.652791e-06,-8.492151e-10,-6.958580e-10
16AQ10,y,-1.243421e-06,-3.978322e-10,5.188812e-07,-5.746486e-10,-1.621534e-06,-3.270046e-10,-3.630691e-10
