runid,dim,c0,c1,c2,c3,c4,c5,c6
12BQ08,x,5.910555e-06,1.297766e-09,3.492550e-06,9.466217e-11,2.622787e-06,-1.425181e-09,-1.330847e-09
12BQ08,y,-6.148656e-07,1.006164e-10,3.236991e-06,-6.053432e-11,1.523324e-06,-6.694145e-10,-1.538507e-09
