runid,dim,c0,c1,c2,c3,c4,c5,c6
12BQ08,x,6.079944e-06,1.400591e-09,3.636396e-06,1.764238e-10,2.760174e-06,-1.428226e-09,-1.385998e-09
12BQ08,y,-5.477214e-07,1.276070e-10,3.288802e-06,-5.222369e-11,1.533218e-06,-6.960434e-10,-1.552823e-09
