runid,dim,c0,c1,c2,c3,c4,c5,c6
11BQ05,x,2.182672e-06,-1.022834e-10,-2.993687e-07,-3.377523e-10,1.239948e-06,-6.865594e-10,-4.725396e-10
11BQ05,y,-1.243408e-06,-4.510884e-10,2.202645e-07,-6.216930e-10,-2.117163e-06,-3.044462e-10,-1.861753e-10
