runid,dim,c0,c1,c2,c3,c4,c5,c6
11BQ05,x,2.303613e-06,-5.909165e-11,-2.324840e-08,-2.914810e-10,1.367401e-06,-7.404200e-10,-5.326340e-10
11BQ05,y,-1.271743e-06,-4.768721e-10,1.021096e-07,-6.761908e-10,-2.175305e-06,-3.046717e-10,-1.676727e-10
