runid,dim,c0,c1,c2,c3,c4,c5,c6
21AQ13,x,7.359243e-06,1.950622e-09,5.604737e-06,9.780127e-10,7.486446e-07,-1.660664e-09,-3.626990e-10
21AQ13,y,4.901188e-07,6.584713e-10,6.936856e-06,3.981292e-10,4.933863e-06,-1.876471e-09,-3.236060e-09
