runid,dim,c0,c1,c2,c3,c4,c5,c6
21AQ13,x,7.192861e-06,1.847417e-09,4.508596e-06,4.727173e-10,1.077489e-06,-1.400027e-09,-7.254030e-10
21AQ13,y,2.493200e-07,6.296377e-10,5.826367e-06,2.155294e-10,5.026249e-06,-1.236590e-09,-3.210321e-09
