runid,dim,c0,c1,c2,c3,c4,c5,c6
13AQ12,x,2.304156e-06,-5.402741e-11,4.201473e-08,-2.864040e-10,1.457398e-06,-7.542369e-10,-5.676868e-10
13AQ12,y,-1.375408e-06,-5.188552e-10,3.997764e-09,-6.948694e-10,-2.209714e-06,-2.905029e-10,-1.463498e-10
