runid,dim,c0,c1,c2,c3,c4,c5,c6
13AQ12,x,2.242046e-06,-6.882186e-11,-1.356965e-07,-3.025281e-10,1.372832e-06,-7.111785e-10,-5.281120e-10
13AQ12,y,-1.395270e-06,-5.181487e-10,1.879288e-08,-6.750477e-10,-2.212052e-06,-2.870345e-10,-1.475050e-10
