runid,dim,c0,c1,c2,c3,c4,c5,c6
13AQ06,x,2.470837e-06,2.356311e-11,6.542599e-08,-2.694490e-10,1.322486e-06,-7.290865e-10,-5.294034e-10
13AQ06,y,-1.470510e-06,-5.170194e-10,2.294884e-07,-6.282372e-10,-2.030254e-06,-3.115288e-10,-2.087435e-10
