runid,dim,c0,c1,c2,c3,c4,c5,c6
13AQ06,x,2.559906e-06,4.708589e-11,2.885784e-07,-2.536720e-10,1.429355e-06,-7.935947e-10,-5.877568e-10
13AQ06,y,-1.464090e-06,-5.188709e-10,2.178888e-07,-6.415726e-10,-2.007267e-06,-3.113352e-10,-2.160699e-10
