runid,dim,c0,c1,c2,c3,c4,c5,c6
15BQ09,x,2.257359e-06,-6.968554e-11,-7.328682e-08,-2.799918e-10,1.316324e-06,-7.227630e-10,-5.074822e-10
15BQ09,y,-1.258671e-06,-4.728259e-10,1.007423e-07,-6.839033e-10,-2.194034e-06,-3.059835e-10,-1.611880e-10
