runid,dim,c0,c1,c2,c3,c4,c5,c6
15BQ09,x,2.209633e-06,-6.454539e-11,-2.309072e-07,-2.662631e-10,1.300720e-06,-7.045913e-10,-5.174643e-10
15BQ09,y,-1.023487e-06,-3.586142e-10,5.205896e-07,-5.904991e-10,-2.054609e-06,-4.187505e-10,-2.303688e-10
