runid,dim,c0,c1,c2,c3,c4,c5,c6
15AQ09,x,2.212844e-06,-7.246523e-11,-2.284887e-07,-3.093894e-10,1.358050e-06,-6.793508e-10,-5.173214e-10
15AQ09,y,-1.382164e-06,-5.120490e-10,1.182842e-07,-6.437097e-10,-2.165674e-06,-2.958548e-10,-1.590217e-10
