runid,dim,c0,c1,c2,c3,c4,c5,c6
15AQ09,x,2.305236e-06,-4.659050e-11,7.120971e-08,-2.692060e-10,1.486789e-06,-7.465740e-10,-5.732685e-10
15AQ09,y,-1.421092e-06,-5.355101e-10,-3.845531e-08,-6.941079e-10,-2.237827e-06,-2.769528e-10,-1.312527e-10
