runid,dim,c0,c1,c2,c3,c4,c5,c6
16BQ03,x,2.209455e-06,-7.762454e-11,-2.387823e-07,-2.982392e-10,1.388826e-06,-6.672732e-10,-5.190114e-10
16BQ03,y,-1.268954e-06,-4.749284e-10,1.179399e-07,-6.512563e-10,-2.176630e-06,-2.985398e-10,-1.592022e-10
