runid,dim,c0,c1,c2,c3,c4,c5,c6
16BQ03,x,2.303932e-06,-4.795630e-11,1.567971e-08,-2.721255e-10,1.508857e-06,-7.292706e-10,-5.729957e-10
16BQ03,y,-1.288291e-06,-4.937670e-10,2.331198e-08,-6.945437e-10,-2.238048e-06,-3.021042e-10,-1.371555e-10
