runid,dim,c0,c1,c2,c3,c4,c5,c6
16AQ14,x,3.743565e-06,4.967726e-10,1.397818e-06,-1.237379e-10,1.830098e-06,-1.015508e-09,-8.412412e-10
16AQ14,y,-1.065052e-06,-2.613250e-10,1.310688e-06,-4.302792e-10,-7.540703e-07,-4.415018e-10,-6.895552e-10
