runid,dim,c0,c1,c2,c3,c4,c5,c6
16AQ14,x,3.501291e-06,4.109850e-10,1.025224e-06,-1.476539e-10,1.724671e-06,-9.060667e-10,-7.753821e-10
16AQ14,y,-1.087154e-06,-2.787837e-10,1.268548e-06,-4.392531e-10,-8.715702e-07,-4.427620e-10,-6.449359e-10
