runid,dim,c0,c1,c2,c3,c4,c5,c6
17AQ12,x,1.532446e-06,-4.106761e-10,4.811890e-07,-1.682607e-10,1.346930e-06,-1.069805e-09,-5.148979e-10
17AQ12,y,-2.475830e-06,-9.108639e-10,-9.088755e-07,-9.301028e-10,-2.153191e-06,-2.362314e-10,-2.200594e-10
