runid,dim,c0,c1,c2,c3,c4,c5,c6
17AQ12,x,1.524642e-06,-4.161783e-10,4.459121e-07,-2.010787e-10,1.320548e-06,-1.091655e-09,-5.452661e-10
17AQ12,y,-2.470682e-06,-9.109467e-10,-8.939793e-07,-9.235231e-10,-2.104037e-06,-2.047907e-10,-2.280719e-10
