runid,dim,c0,c1,c2,c3,c4,c5,c6
18AQ05,x,7.539416e-06,2.141676e-09,6.235123e-06,1.721840e-09,-1.443076e-06,-1.261603e-09,1.203554e-09
18AQ05,y,5.550675e-07,6.617978e-10,9.545668e-06,8.123209e-10,6.779395e-06,-3.079875e-09,-4.291525e-09
