runid,dim,c0,c1,c2,c3,c4,c5,c6
18AQ05,x,7.706890e-06,2.202332e-09,6.311541e-06,1.609609e-09,-1.516033e-06,-1.407954e-09,1.192600e-09
18AQ05,y,1.055221e-06,9.697347e-10,1.022038e-05,1.103220e-09,7.032951e-06,-3.097495e-09,-4.351411e-09
