runid,dim,c0,c1,c2,c3,c4,c5,c6
18BQ04,x,7.332638e-06,2.071163e-09,5.730129e-06,1.616892e-09,-1.629136e-06,-1.147838e-09,1.316003e-09
18BQ04,y,5.547607e-07,6.201466e-10,9.455012e-06,6.019455e-10,6.515160e-06,-3.331097e-09,-4.271743e-09
