runid,dim,c0,c1,c2,c3,c4,c5,c6
18BQ04,x,7.401061e-06,2.099243e-09,5.733168e-06,1.570402e-09,-1.681562e-06,-1.196302e-09,1.328186e-09
18BQ04,y,8.910760e-07,8.307500e-10,9.884578e-06,8.002019e-10,6.652743e-06,-3.360588e-09,-4.314928e-09
