runid,dim,c0,c1,c2,c3,c4,c5,c6
14BQ06,x,2.248188e-06,-8.146205e-11,-8.090199e-08,-3.014991e-10,1.336285e-06,-7.251104e-10,-5.126576e-10
14BQ06,y,-1.302667e-06,-4.898941e-10,1.038776e-07,-6.789012e-10,-2.174706e-06,-3.109562e-10,-1.670255e-10
