runid,dim,c0,c1,c2,c3,c4,c5,c6
14BQ06,x,2.164572e-06,-9.956126e-11,-3.205375e-07,-3.210587e-10,1.238989e-06,-6.622782e-10,-4.675544e-10
14BQ06,y,-1.336081e-06,-4.927275e-10,8.574233e-08,-6.519005e-10,-2.183342e-06,-2.814268e-10,-1.594427e-10
