runid,dim,c0,c1,c2,c3,c4,c5,c6
16BQ06,x,1.926183e-06,-1.877768e-10,-3.273692e-07,-2.742857e-10,9.339958e-07,-6.774340e-10,-3.919578e-10
16BQ06,y,-1.616554e-06,-6.041777e-10,2.134248e-07,-7.491523e-10,-1.813624e-06,-3.541606e-10,-2.915059e-10
