runid,dim,c0,c1,c2,c3,c4,c5,c6
16BQ06,x,2.201402e-06,-9.208435e-11,3.767156e-08,-2.506185e-10,1.435723e-06,-7.101311e-10,-5.366733e-10
16BQ06,y,-1.643436e-06,-6.364698e-10,-8.914248e-08,-7.342342e-10,-2.338996e-06,-2.830094e-10,-7.312263e-11
