runid,dim,c0,c1,c2,c3,c4,c5,c6
21AQ18,x,7.971894e-06,2.380698e-09,6.669769e-06,1.794659e-09,-1.574844e-06,-1.374860e-09,1.324116e-09
21AQ18,y,6.891331e-07,7.759918e-10,1.025607e-05,8.580245e-10,7.331062e-06,-3.552075e-09,-4.673381e-09
