runid,dim,c0,c1,c2,c3,c4,c5,c6
21AQ18,x,7.810853e-06,2.313773e-09,6.609607e-06,1.879660e-09,-1.493206e-06,-1.266341e-09,1.310816e-09
21AQ18,y,2.035995e-07,4.640368e-10,9.636335e-06,5.512079e-10,7.121925e-06,-3.532356e-09,-4.610924e-09
